,rmse_x,rmse_y,rmse_z,rmse_h,rmse_3d,median_h,p95_h,max_h,delta_rmse_h_pct,delta_p95_h_pct
Baseline,3.089,2.641,0.357,4.064,4.08,3.455,8.081,9.428,0.0,0.0
Naive_Gating,23.756,4.604,0.356,24.198,24.201,20.456,38.754,39.4,495.4232283464567,379.5693602276946
IMM_2Mode,5.39,2.976,0.356,6.158,6.168,4.265,10.741,14.496,51.52559055118111,32.91671822794209
Bias_Aug_OU,3.11,2.428,0.356,3.946,3.962,4.066,4.713,4.876,-2.9035433070866112,-41.678010147259
