Variable,Pearson_r,Pearson_p,Spearman_rho,Spearman_p
Altitude,0.056,0.003490173719786523,0.123,1.5305947319095786e-10
Speed,0.05,0.009894655356820992,0.033,0.08268197831810004
Heading rel. street,0.002,0.9278298466961372,0.003,0.8596372974443686
Time since turn,0.065,0.0007426857935944895,0.109,1.3938954474295846e-08
