Model,k,AIC,BIC,KS_stat,KS_p
Gauss+Cauchy mix.,5,11486.2,11515.7,0.0435,6.772770671072742e-05
Student-t,3,11814.0,11831.7,0.0735,3.8423753525012475e-13
Laplace,2,12083.6,12095.4,0.092,2.255653700198196e-20
Cauchy,2,12463.9,12475.7,0.1304,1.3767764672169537e-40
Gaussian,2,12681.0,12692.8,0.0956,5.889177643528752e-22
